{"name":"Search for given word in Wikipedia","id":"as-a-user-i-should-be-able-to-search-for-given-word-in-wikipedia-and-same-time-i-can-view-result-in-different-language;search-for-given-word-in-wikipedia","testSteps":[{"number":1,"description":"Example: {Given_word\u003dApple, Other_language\u003dWelsh (Cymraeg), Give_word_in_other_language\u003dAfal}","duration":12703,"startTime":"2019-11-14T10:33:50.954422Z[Europe/London]","screenshots":[{"screenshot":"5b0a33ebe6171b80ede8cee81d5e32e08a5e6ccd38432515b4197d30852243a1.png","timeStamp":1573727643657}],"result":"SUCCESS","precondition":false,"level":0,"children":[{"number":2,"description":"Given the user navigated to wikipedia","duration":7406,"startTime":"2019-11-14T10:33:50.956831Z[Europe/London]","screenshots":[{"screenshot":"aab641f5254e58b0f3159caf4a246b05384c49d0ac5bf5b98988c1e44055b46e.png","timeStamp":1573727638363}],"result":"SUCCESS","precondition":false,"level":1,"children":[{"number":3,"description":"the user browsed Wikipedia.org page","duration":7338,"startTime":"2019-11-14T10:33:51.011235Z[Europe/London]","screenshots":[{"screenshot":"aab641f5254e58b0f3159caf4a246b05384c49d0ac5bf5b98988c1e44055b46e.png","timeStamp":1573727638349}],"result":"SUCCESS","precondition":false,"level":2}]},{"number":4,"description":"When the user search for a \u0027Apple\u0027 in english","duration":2914,"startTime":"2019-11-14T10:33:58.365529Z[Europe/London]","screenshots":[{"screenshot":"aab641f5254e58b0f3159caf4a246b05384c49d0ac5bf5b98988c1e44055b46e.png","timeStamp":1573727638376},{"screenshot":"338a1fb002895ab8b782484f75024336c8297e9f1b7d9f3618c17dc4bb7b64e1.png","timeStamp":1573727641279}],"result":"SUCCESS","precondition":false,"level":1,"children":[{"number":5,"description":"the user validated default language as EN} ","duration":661,"startTime":"2019-11-14T10:33:58.378924Z[Europe/London]","screenshots":[{"screenshot":"68abdab9d2b73d29a9eaab85d565e4fe1b50f9ca55eb353ef47bb62d2e96773c.png","timeStamp":1573727638681},{"screenshot":"68abdab9d2b73d29a9eaab85d565e4fe1b50f9ca55eb353ef47bb62d2e96773c.png","timeStamp":1573727639039}],"result":"SUCCESS","precondition":false,"level":2},{"number":6,"description":"the user search for a given word \u003d Apple ","duration":2227,"startTime":"2019-11-14T10:33:59.041547Z[Europe/London]","screenshots":[{"screenshot":"68abdab9d2b73d29a9eaab85d565e4fe1b50f9ca55eb353ef47bb62d2e96773c.png","timeStamp":1573727639050},{"screenshot":"338a1fb002895ab8b782484f75024336c8297e9f1b7d9f3618c17dc4bb7b64e1.png","timeStamp":1573727641268}],"result":"SUCCESS","precondition":false,"level":2}]},{"number":7,"description":"Then the user validate \u0027Apple\u0027 in search result","duration":465,"startTime":"2019-11-14T10:34:01.281234Z[Europe/London]","screenshots":[{"screenshot":"338a1fb002895ab8b782484f75024336c8297e9f1b7d9f3618c17dc4bb7b64e1.png","timeStamp":1573727641290},{"screenshot":"338a1fb002895ab8b782484f75024336c8297e9f1b7d9f3618c17dc4bb7b64e1.png","timeStamp":1573727641746}],"result":"SUCCESS","precondition":false,"level":1,"children":[{"number":8,"description":"the user validated first heading has Apple ","duration":433,"startTime":"2019-11-14T10:34:01.292039Z[Europe/London]","screenshots":[{"screenshot":"338a1fb002895ab8b782484f75024336c8297e9f1b7d9f3618c17dc4bb7b64e1.png","timeStamp":1573727641299},{"screenshot":"338a1fb002895ab8b782484f75024336c8297e9f1b7d9f3618c17dc4bb7b64e1.png","timeStamp":1573727641725}],"result":"SUCCESS","precondition":false,"level":2}]},{"number":9,"description":"And the user change to \u0027Welsh (Cymraeg)\u0027 and validate \u0027Afal\u0027","duration":1902,"startTime":"2019-11-14T10:34:01.748108Z[Europe/London]","screenshots":[{"screenshot":"338a1fb002895ab8b782484f75024336c8297e9f1b7d9f3618c17dc4bb7b64e1.png","timeStamp":1573727641757},{"screenshot":"5b0a33ebe6171b80ede8cee81d5e32e08a5e6ccd38432515b4197d30852243a1.png","timeStamp":1573727643650}],"result":"SUCCESS","precondition":false,"level":1,"children":[{"number":10,"description":"the user change the language to Welsh (Cymraeg) ","duration":1496,"startTime":"2019-11-14T10:34:01.759465Z[Europe/London]","screenshots":[{"screenshot":"338a1fb002895ab8b782484f75024336c8297e9f1b7d9f3618c17dc4bb7b64e1.png","timeStamp":1573727642137},{"screenshot":"5b0a33ebe6171b80ede8cee81d5e32e08a5e6ccd38432515b4197d30852243a1.png","timeStamp":1573727643255}],"result":"SUCCESS","precondition":false,"level":2},{"number":11,"description":"the user validated first heading has Afal ","duration":381,"startTime":"2019-11-14T10:34:03.257236Z[Europe/London]","screenshots":[{"screenshot":"5b0a33ebe6171b80ede8cee81d5e32e08a5e6ccd38432515b4197d30852243a1.png","timeStamp":1573727643268},{"screenshot":"5b0a33ebe6171b80ede8cee81d5e32e08a5e6ccd38432515b4197d30852243a1.png","timeStamp":1573727643638}],"result":"SUCCESS","precondition":false,"level":2}]}]},{"number":12,"description":"Example: {Given_word\u003dRose, Other_language\u003dWelsh (Cymraeg), Give_word_in_other_language\u003dRhosyn}","duration":7846,"startTime":"2019-11-14T10:34:03.850183Z[Europe/London]","screenshots":[{"screenshot":"7fba72b13c3e69f6c208a362ead19a9a96c6fb20e4ccdbf7e4f2985c44ec0c92.png","timeStamp":1573727651696}],"result":"SUCCESS","precondition":false,"level":0,"children":[{"number":13,"description":"Given the user navigated to wikipedia","duration":3969,"startTime":"2019-11-14T10:34:03.852552Z[Europe/London]","screenshots":[{"screenshot":"68abdab9d2b73d29a9eaab85d565e4fe1b50f9ca55eb353ef47bb62d2e96773c.png","timeStamp":1573727647822}],"result":"SUCCESS","precondition":false,"level":1,"children":[{"number":14,"description":"the user browsed Wikipedia.org page","duration":3922,"startTime":"2019-11-14T10:34:03.890546Z[Europe/London]","screenshots":[{"screenshot":"68abdab9d2b73d29a9eaab85d565e4fe1b50f9ca55eb353ef47bb62d2e96773c.png","timeStamp":1573727647812}],"result":"SUCCESS","precondition":false,"level":2}]},{"number":15,"description":"When the user search for a \u0027Rose\u0027 in english","duration":1979,"startTime":"2019-11-14T10:34:07.823076Z[Europe/London]","screenshots":[{"screenshot":"68abdab9d2b73d29a9eaab85d565e4fe1b50f9ca55eb353ef47bb62d2e96773c.png","timeStamp":1573727647829},{"screenshot":"6c325c345b333620acecbfe77984075dc6668742d11570d14021129d13b096f9.png","timeStamp":1573727649802}],"result":"SUCCESS","precondition":false,"level":1,"children":[{"number":16,"description":"the user validated default language as EN} ","duration":340,"startTime":"2019-11-14T10:34:07.831382Z[Europe/London]","screenshots":[{"screenshot":"68abdab9d2b73d29a9eaab85d565e4fe1b50f9ca55eb353ef47bb62d2e96773c.png","timeStamp":1573727647839},{"screenshot":"aab641f5254e58b0f3159caf4a246b05384c49d0ac5bf5b98988c1e44055b46e.png","timeStamp":1573727648171}],"result":"SUCCESS","precondition":false,"level":2},{"number":17,"description":"the user search for a given word \u003d Rose ","duration":1621,"startTime":"2019-11-14T10:34:08.172676Z[Europe/London]","screenshots":[{"screenshot":"aab641f5254e58b0f3159caf4a246b05384c49d0ac5bf5b98988c1e44055b46e.png","timeStamp":1573727648180},{"screenshot":"6c325c345b333620acecbfe77984075dc6668742d11570d14021129d13b096f9.png","timeStamp":1573727649793}],"result":"SUCCESS","precondition":false,"level":2}]},{"number":18,"description":"Then the user validate \u0027Rose\u0027 in search result","duration":409,"startTime":"2019-11-14T10:34:09.803807Z[Europe/London]","screenshots":[{"screenshot":"6c325c345b333620acecbfe77984075dc6668742d11570d14021129d13b096f9.png","timeStamp":1573727649812},{"screenshot":"6c325c345b333620acecbfe77984075dc6668742d11570d14021129d13b096f9.png","timeStamp":1573727650213}],"result":"SUCCESS","precondition":false,"level":1,"children":[{"number":19,"description":"the user validated first heading has Rose ","duration":391,"startTime":"2019-11-14T10:34:09.814143Z[Europe/London]","screenshots":[{"screenshot":"6c325c345b333620acecbfe77984075dc6668742d11570d14021129d13b096f9.png","timeStamp":1573727649821},{"screenshot":"6c325c345b333620acecbfe77984075dc6668742d11570d14021129d13b096f9.png","timeStamp":1573727650205}],"result":"SUCCESS","precondition":false,"level":2}]},{"number":20,"description":"And the user change to \u0027Welsh (Cymraeg)\u0027 and validate \u0027Rhosyn\u0027","duration":1475,"startTime":"2019-11-14T10:34:10.214223Z[Europe/London]","screenshots":[{"screenshot":"6c325c345b333620acecbfe77984075dc6668742d11570d14021129d13b096f9.png","timeStamp":1573727650220},{"screenshot":"7fba72b13c3e69f6c208a362ead19a9a96c6fb20e4ccdbf7e4f2985c44ec0c92.png","timeStamp":1573727651689}],"result":"SUCCESS","precondition":false,"level":1,"children":[{"number":21,"description":"the user change the language to Welsh (Cymraeg) ","duration":1075,"startTime":"2019-11-14T10:34:10.222052Z[Europe/London]","screenshots":[{"screenshot":"6c325c345b333620acecbfe77984075dc6668742d11570d14021129d13b096f9.png","timeStamp":1573727650229},{"screenshot":"7fba72b13c3e69f6c208a362ead19a9a96c6fb20e4ccdbf7e4f2985c44ec0c92.png","timeStamp":1573727651297}],"result":"SUCCESS","precondition":false,"level":2},{"number":22,"description":"the user validated first heading has Rhosyn ","duration":383,"startTime":"2019-11-14T10:34:11.298950Z[Europe/London]","screenshots":[{"screenshot":"7fba72b13c3e69f6c208a362ead19a9a96c6fb20e4ccdbf7e4f2985c44ec0c92.png","timeStamp":1573727651306},{"screenshot":"7fba72b13c3e69f6c208a362ead19a9a96c6fb20e4ccdbf7e4f2985c44ec0c92.png","timeStamp":1573727651682}],"result":"SUCCESS","precondition":false,"level":2}]}]}],"userStory":{"id":"as-a-user-i-should-be-able-to-search-for-given-word-in-wikipedia-and-same-time-i-can-view-result-in-different-language","storyName":"As a user i should be able to search for given word in wikipedia and same time i can view result in different language","path":"HomeWorkUI.feature","type":"feature"},"featureTag":{"name":"As a user i should be able to search for given word in wikipedia and same time i can view result in different language","type":"feature","displayName":"As a user i should be able to search for given word in wikipedia and same time i can view result in different language"},"title":"Search for given word in Wikipedia","startTime":"2019-11-14T10:33:50.946650Z[Europe/London]","duration":20853,"projectKey":"","isManualTestingUpToDate":false,"dataTable":{"headers":["Given_word","Other_language","Give_word_in_other_language"],"rows":[{"values":["Apple","Welsh (Cymraeg)","Afal"],"result":"SUCCESS"},{"values":["Rose","Welsh (Cymraeg)","Rhosyn"],"result":"SUCCESS"}],"predefinedRows":true,"scenarioOutline":"Given the user navigated to wikipedia\n\rWhen the user search for a \u0027\u003cGiven_word\u003e\u0027 in english\n\rThen the user validate \u0027\u003cGiven_word\u003e\u0027 in search result\n\rAnd the user change to \u0027\u003cOther_language\u003e\u0027 and validate \u0027\u003cGive_word_in_other_language\u003e\u0027\n\r","dataSetDescriptors":[{"startRow":0,"rowCount":0,"name":""}]},"manual":false,"testSource":"Cucumber","result":"SUCCESS","scenarioOutline":"Given the user navigated to wikipedia\nWhen the user search for a \u0027\u003cGiven_word\u003e\u0027 in english\nThen the user validate \u0027\u003cGiven_word\u003e\u0027 in search result\nAnd the user change to \u0027\u003cOther_language\u003e\u0027 and validate \u0027\u003cGive_word_in_other_language\u003e\u0027"}