{"name":"User calls webservice to find pet status","id":"as-a-user-i-should-be-able-to-make-api-call-for-pets-status-from-petsstore;user-calls-webservice-to-find-pet-status","testSteps":[{"number":1,"description":"Example: {Number\u003d3059, Pets_status\u003davailable, Pet_name\u003ddoggie}","duration":44236,"startTime":"2019-11-14T10:33:06.694601Z[Europe/London]","result":"SUCCESS","precondition":false,"level":0,"children":[{"number":2,"description":"Given the user checks for pet store","duration":4264,"startTime":"2019-11-14T10:33:06.705015Z[Europe/London]","result":"SUCCESS","precondition":false,"level":1,"children":[{"number":3,"description":"the user checking service is running","duration":3333,"startTime":"2019-11-14T10:33:07.627006Z[Europe/London]","result":"SUCCESS","precondition":false,"level":2}]},{"number":4,"description":"When the user request to find the \u0027available\u0027","duration":2363,"startTime":"2019-11-14T10:33:10.970972Z[Europe/London]","result":"SUCCESS","precondition":false,"level":1,"children":[{"number":5,"description":"the User request for pet status \u003d available","duration":2354,"startTime":"2019-11-14T10:33:10.977777Z[Europe/London]","result":"SUCCESS","precondition":false,"level":2}]},{"number":6,"description":"Then the user validate \u00273059\u0027 of \u0027available\u0027 and \u0027doggie\u0027","duration":37593,"startTime":"2019-11-14T10:33:13.335746Z[Europe/London]","result":"SUCCESS","precondition":false,"level":1,"children":[{"number":7,"description":"the User get doggie count from response","duration":37581,"startTime":"2019-11-14T10:33:13.339247Z[Europe/London]","result":"SUCCESS","precondition":false,"level":2},{"number":8,"description":"the user validate pet number as 3217","duration":5,"startTime":"2019-11-14T10:33:50.922024Z[Europe/London]","result":"SUCCESS","reportData":[{"title":"Number of Pets Name doggie","contents":"3217","isEvidence":false,"id":"report-data-b3d3fc52-c6cf-4c5a-9daf-4427b1388aad"}],"precondition":false,"level":2}]}]}],"userStory":{"id":"as-a-user-i-should-be-able-to-make-api-call-for-pets-status-from-petsstore","storyName":"As a user i should be able to make API call for pets status from petsstore","path":"HomeWorkAPI.feature","type":"feature"},"featureTag":{"name":"As a user i should be able to make API call for pets status from petsstore","type":"feature","displayName":"As a user i should be able to make API call for pets status from petsstore"},"title":"User calls webservice to find pet status","startTime":"2019-11-14T10:33:06.661693Z[Europe/London]","duration":44273,"projectKey":"","isManualTestingUpToDate":false,"dataTable":{"headers":["Number","Pets_status","Pet_name"],"rows":[{"values":["3059","available","doggie"],"result":"SUCCESS"}],"predefinedRows":true,"scenarioOutline":"Given the user checks for pet store\n\rWhen the user request to find the \u0027\u003cPets_status\u003e\u0027\n\rThen the user validate \u0027\u003cNumber\u003e\u0027 of \u0027\u003cPets_status\u003e\u0027 and \u0027\u003cPet_name\u003e\u0027\n\r","dataSetDescriptors":[{"startRow":0,"rowCount":0,"name":""}]},"manual":false,"testSource":"Cucumber","result":"SUCCESS","scenarioOutline":"Given the user checks for pet store\nWhen the user request to find the \u0027\u003cPets_status\u003e\u0027\nThen the user validate \u0027\u003cNumber\u003e\u0027 of \u0027\u003cPets_status\u003e\u0027 and \u0027\u003cPet_name\u003e\u0027"}